{"list": [{"date": "2019-05", "arr": {"year": 2019, "month": 5, "link": ["2019-05-01_\u5927\u540c\u84dd.jpg", "2019-05-08_\u771f\u7537\u4eba\u9700\u8981\u80e1\u5b50.jpg"], "text": ["\u5927\u540c\u84dd", "\u771f\u7537\u4eba\u9700\u8981\u80e1\u5b50"], "type": ["image", "image"]}}, {"date": "2019-04", "arr": {"year": 2019, "month": 4, "link": ["2019-04-09_\u4e00\u68f5\u6811\u770b\u591c\u666f.jpg", "2019-04-09_\u53ef\u7231\u7684\u6708\u7259.jpg", "2019-04-26_\u591c\u62cd.jpg", "2019-04-27_\u8981\u6bd5\u4e1a\u4e86.jpg"], "text": ["\u4e00\u68f5\u6811\u770b\u591c\u666f", "\u53ef\u7231\u7684\u6708\u7259", "\u591c\u62cd", "\u8981\u6bd5\u4e1a\u4e86"], "type": ["image", "image", "image", "image"]}}, {"date": "2018-10", "arr": {"year": 2018, "month": 10, "link": ["2018-10-02_\u6709\u8da3\u7684\u77ff\u6cc9\u6c34.jpg"], "text": ["\u6709\u8da3\u7684\u77ff\u6cc9\u6c34"], "type": ["image"]}}, {"date": "2018-09", "arr": {"year": 2018, "month": 9, "link": ["2018-09-24_\u4e2d\u79cb\u7684\u5927\u7406.jpg", "2018-09-24_\u5728\u5927\u7406\u7684\u9152\u5427.jpg", "2018-09-26_\u84dd\u6708\u8c37.jpg", "2018-09-26_\u84dd\u8272\u7684\u6e56\u6c34.jpg"], "text": ["\u4e2d\u79cb\u7684\u5927\u7406", "\u5728\u5927\u7406\u7684\u9152\u5427", "\u84dd\u6708\u8c37", "\u84dd\u8272\u7684\u6e56\u6c34"], "type": ["image", "image", "image", "image"]}}]}